vote_id,mep_id,position
MTG-PL-2026-06-16-OJ-ITM-V-60,23868,FOR
MTG-PL-2026-06-16-OJ-ITM-V-60,28390,FOR
MTG-PL-2026-06-16-OJ-ITM-V-60,197786,FOR
MTG-PL-2026-06-16-OJ-ITM-V-60,197818,FOR
MTG-PL-2026-06-16-OJ-ITM-V-60,34232,FOR
MTG-PL-2026-06-16-OJ-ITM-V-60,256871,FOR
MTG-PL-2026-06-16-OJ-ITM-V-60,257300,FOR
MTG-PL-2026-06-16-OJ-ITM-V-60,197497,FOR
MTG-PL-2026-06-16-OJ-ITM-V-60,88552,FOR
MTG-PL-2026-06-16-OJ-ITM-V-60,257119,FOR
MTG-PL-2026-06-16-OJ-ITM-V-60,256834,FOR
MTG-PL-2026-06-16-OJ-ITM-V-60,124973,FOR
MTG-PL-2026-06-16-OJ-ITM-V-60,197408,FOR
MTG-PL-2026-06-16-OJ-ITM-V-60,86057,FOR
MTG-PL-2026-06-16-OJ-ITM-V-60,96697,FOR
MTG-PL-2026-06-16-OJ-ITM-V-60,257299,FOR
MTG-PL-2026-06-16-OJ-ITM-V-60,124736,FOR
MTG-PL-2026-06-16-OJ-ITM-V-60,257039,FOR
MTG-PL-2026-06-16-OJ-ITM-V-60,257047,FOR
MTG-PL-2026-06-16-OJ-ITM-V-60,257024,FOR
MTG-PL-2026-06-16-OJ-ITM-V-60,257088,FOR
MTG-PL-2026-06-16-OJ-ITM-V-60,257061,FOR
MTG-PL-2026-06-16-OJ-ITM-V-60,197523,FOR
MTG-PL-2026-06-16-OJ-ITM-V-60,125670,FOR
MTG-PL-2026-06-16-OJ-ITM-V-60,197794,FOR
MTG-PL-2026-06-16-OJ-ITM-V-60,124713,FOR
MTG-PL-2026-06-16-OJ-ITM-V-60,256846,FOR
MTG-PL-2026-06-16-OJ-ITM-V-60,256952,FOR
MTG-PL-2026-06-16-OJ-ITM-V-60,256898,FOR
MTG-PL-2026-06-16-OJ-ITM-V-60,25758,FOR
MTG-PL-2026-06-16-OJ-ITM-V-60,197579,FOR
MTG-PL-2026-06-16-OJ-ITM-V-60,257032,FOR
MTG-PL-2026-06-16-OJ-ITM-V-60,256919,FOR
MTG-PL-2026-06-16-OJ-ITM-V-60,256993,FOR
MTG-PL-2026-06-16-OJ-ITM-V-60,257018,FOR
MTG-PL-2026-06-16-OJ-ITM-V-60,257437,FOR
MTG-PL-2026-06-16-OJ-ITM-V-60,257096,FOR
MTG-PL-2026-06-16-OJ-ITM-V-60,96653,FOR
MTG-PL-2026-06-16-OJ-ITM-V-60,261038,FOR
MTG-PL-2026-06-16-OJ-ITM-V-60,204336,FOR
MTG-PL-2026-06-16-OJ-ITM-V-60,28617,FOR
MTG-PL-2026-06-16-OJ-ITM-V-60,197670,FOR
MTG-PL-2026-06-16-OJ-ITM-V-60,28223,FOR
MTG-PL-2026-06-16-OJ-ITM-V-60,197780,FOR
MTG-PL-2026-06-16-OJ-ITM-V-60,96934,FOR
MTG-PL-2026-06-16-OJ-ITM-V-60,37324,FOR
MTG-PL-2026-06-16-OJ-ITM-V-60,256987,FOR
MTG-PL-2026-06-16-OJ-ITM-V-60,96998,FOR
MTG-PL-2026-06-16-OJ-ITM-V-60,124877,FOR
MTG-PL-2026-06-16-OJ-ITM-V-60,111412,FOR
MTG-PL-2026-06-16-OJ-ITM-V-60,197462,FOR
MTG-PL-2026-06-16-OJ-ITM-V-60,257169,FOR
MTG-PL-2026-06-16-OJ-ITM-V-60,257113,FOR
MTG-PL-2026-06-16-OJ-ITM-V-60,197491,FOR
MTG-PL-2026-06-16-OJ-ITM-V-60,86793,FOR
MTG-PL-2026-06-16-OJ-ITM-V-60,257128,FOR
MTG-PL-2026-06-16-OJ-ITM-V-60,197417,FOR
MTG-PL-2026-06-16-OJ-ITM-V-60,256843,FOR
MTG-PL-2026-06-16-OJ-ITM-V-60,197402,FOR
MTG-PL-2026-06-16-OJ-ITM-V-60,256847,FOR
MTG-PL-2026-06-16-OJ-ITM-V-60,197820,FOR
MTG-PL-2026-06-16-OJ-ITM-V-60,260035,FOR
MTG-PL-2026-06-16-OJ-ITM-V-60,124806,FOR
MTG-PL-2026-06-16-OJ-ITM-V-60,257033,FOR
MTG-PL-2026-06-16-OJ-ITM-V-60,257041,FOR
MTG-PL-2026-06-16-OJ-ITM-V-60,257097,FOR
MTG-PL-2026-06-16-OJ-ITM-V-60,257093,FOR
MTG-PL-2026-06-16-OJ-ITM-V-60,119435,FOR
MTG-PL-2026-06-16-OJ-ITM-V-60,251874,FOR
MTG-PL-2026-06-16-OJ-ITM-V-60,256851,FOR
MTG-PL-2026-06-16-OJ-ITM-V-60,256913,FOR
MTG-PL-2026-06-16-OJ-ITM-V-60,257012,FOR
MTG-PL-2026-06-16-OJ-ITM-V-60,28122,FOR
MTG-PL-2026-06-16-OJ-ITM-V-60,4289,FOR
MTG-PL-2026-06-16-OJ-ITM-V-60,256878,FOR
MTG-PL-2026-06-16-OJ-ITM-V-60,96833,FOR
MTG-PL-2026-06-16-OJ-ITM-V-60,125325,FOR
MTG-PL-2026-06-16-OJ-ITM-V-60,124701,FOR
MTG-PL-2026-06-16-OJ-ITM-V-60,257027,FOR
MTG-PL-2026-06-16-OJ-ITM-V-60,257068,FOR
MTG-PL-2026-06-16-OJ-ITM-V-60,197463,FOR
MTG-PL-2026-06-16-OJ-ITM-V-60,197624,FOR
MTG-PL-2026-06-16-OJ-ITM-V-60,257114,FOR
MTG-PL-2026-06-16-OJ-ITM-V-60,257258,FOR
MTG-PL-2026-06-16-OJ-ITM-V-60,197403,FOR
MTG-PL-2026-06-16-OJ-ITM-V-60,197734,FOR
MTG-PL-2026-06-16-OJ-ITM-V-60,197711,FOR
MTG-PL-2026-06-16-OJ-ITM-V-60,256886,FOR
MTG-PL-2026-06-16-OJ-ITM-V-60,256936,FOR
MTG-PL-2026-06-16-OJ-ITM-V-60,220871,FOR
MTG-PL-2026-06-16-OJ-ITM-V-60,23788,FOR
MTG-PL-2026-06-16-OJ-ITM-V-60,256973,FOR
MTG-PL-2026-06-16-OJ-ITM-V-60,256907,FOR
MTG-PL-2026-06-16-OJ-ITM-V-60,257149,FOR
MTG-PL-2026-06-16-OJ-ITM-V-60,101585,FOR
MTG-PL-2026-06-16-OJ-ITM-V-60,257108,FOR
MTG-PL-2026-06-16-OJ-ITM-V-60,257163,FOR
MTG-PL-2026-06-16-OJ-ITM-V-60,190713,FOR
MTG-PL-2026-06-16-OJ-ITM-V-60,256823,FOR
MTG-PL-2026-06-16-OJ-ITM-V-60,98582,FOR
MTG-PL-2026-06-16-OJ-ITM-V-60,112747,FOR
MTG-PL-2026-06-16-OJ-ITM-V-60,840,FOR
MTG-PL-2026-06-16-OJ-ITM-V-60,38511,FOR
MTG-PL-2026-06-16-OJ-ITM-V-60,23781,FOR
MTG-PL-2026-06-16-OJ-ITM-V-60,96830,FOR
MTG-PL-2026-06-16-OJ-ITM-V-60,197648,FOR
MTG-PL-2026-06-16-OJ-ITM-V-60,197677,FOR
MTG-PL-2026-06-16-OJ-ITM-V-60,256872,FOR
MTG-PL-2026-06-16-OJ-ITM-V-60,127766,FOR
MTG-PL-2026-06-16-OJ-ITM-V-60,257301,FOR
MTG-PL-2026-06-16-OJ-ITM-V-60,201945,FOR
MTG-PL-2026-06-16-OJ-ITM-V-60,197621,FOR
MTG-PL-2026-06-16-OJ-ITM-V-60,198084,FOR
MTG-PL-2026-06-16-OJ-ITM-V-60,197498,FOR
MTG-PL-2026-06-16-OJ-ITM-V-60,30482,FOR
MTG-PL-2026-06-16-OJ-ITM-V-60,197769,FOR
MTG-PL-2026-06-16-OJ-ITM-V-60,257259,FOR
MTG-PL-2026-06-16-OJ-ITM-V-60,256887,FOR
MTG-PL-2026-06-16-OJ-ITM-V-60,190517,FOR
MTG-PL-2026-06-16-OJ-ITM-V-60,188945,FOR
MTG-PL-2026-06-16-OJ-ITM-V-60,197800,FOR
MTG-PL-2026-06-16-OJ-ITM-V-60,257048,FOR
MTG-PL-2026-06-16-OJ-ITM-V-60,257021,FOR
MTG-PL-2026-06-16-OJ-ITM-V-60,124785,FOR
MTG-PL-2026-06-16-OJ-ITM-V-60,257077,FOR
MTG-PL-2026-06-16-OJ-ITM-V-60,110673,FOR
MTG-PL-2026-06-16-OJ-ITM-V-60,257007,FOR
MTG-PL-2026-06-16-OJ-ITM-V-60,256908,FOR
MTG-PL-2026-06-16-OJ-ITM-V-60,257085,FOR
MTG-PL-2026-06-16-OJ-ITM-V-60,197795,FOR
MTG-PL-2026-06-16-OJ-ITM-V-60,188096,FOR
MTG-PL-2026-06-16-OJ-ITM-V-60,249603,FOR
MTG-PL-2026-06-16-OJ-ITM-V-60,197572,FOR
MTG-PL-2026-06-16-OJ-ITM-V-60,256916,FOR
MTG-PL-2026-06-16-OJ-ITM-V-60,256880,FOR
MTG-PL-2026-06-16-OJ-ITM-V-60,256895,FOR
MTG-PL-2026-06-16-OJ-ITM-V-60,256901,FOR
MTG-PL-2026-06-16-OJ-ITM-V-60,257056,FOR
MTG-PL-2026-06-16-OJ-ITM-V-60,257081,FOR
MTG-PL-2026-06-16-OJ-ITM-V-60,256990,FOR
MTG-PL-2026-06-16-OJ-ITM-V-60,257143,FOR
MTG-PL-2026-06-16-OJ-ITM-V-60,257102,FOR
MTG-PL-2026-06-16-OJ-ITM-V-60,124722,FOR
MTG-PL-2026-06-16-OJ-ITM-V-60,197543,FOR
MTG-PL-2026-06-16-OJ-ITM-V-60,197504,FOR
MTG-PL-2026-06-16-OJ-ITM-V-60,124866,FOR
MTG-PL-2026-06-16-OJ-ITM-V-60,256961,FOR
MTG-PL-2026-06-16-OJ-ITM-V-60,124836,FOR
MTG-PL-2026-06-16-OJ-ITM-V-60,197694,FOR
MTG-PL-2026-06-16-OJ-ITM-V-60,97968,FOR
MTG-PL-2026-06-16-OJ-ITM-V-60,197443,FOR
MTG-PL-2026-06-16-OJ-ITM-V-60,96810,FOR
MTG-PL-2026-06-16-OJ-ITM-V-60,204333,FOR
MTG-PL-2026-06-16-OJ-ITM-V-60,256976,FOR
MTG-PL-2026-06-16-OJ-ITM-V-60,24942,FOR
MTG-PL-2026-06-16-OJ-ITM-V-60,257727,FOR
MTG-PL-2026-06-16-OJ-ITM-V-60,107212,FOR
MTG-PL-2026-06-16-OJ-ITM-V-60,257137,FOR
MTG-PL-2026-06-16-OJ-ITM-V-60,125204,FOR
MTG-PL-2026-06-16-OJ-ITM-V-60,204414,FOR
MTG-PL-2026-06-16-OJ-ITM-V-60,197492,FOR
MTG-PL-2026-06-16-OJ-ITM-V-60,257151,FOR
MTG-PL-2026-06-16-OJ-ITM-V-60,257129,FOR
MTG-PL-2026-06-16-OJ-ITM-V-60,256811,FOR
MTG-PL-2026-06-16-OJ-ITM-V-60,256807,FOR
MTG-PL-2026-06-16-OJ-ITM-V-60,197426,FOR
MTG-PL-2026-06-16-OJ-ITM-V-60,257261,FOR
MTG-PL-2026-06-16-OJ-ITM-V-60,256815,FOR
MTG-PL-2026-06-16-OJ-ITM-V-60,96787,FOR
MTG-PL-2026-06-16-OJ-ITM-V-60,256881,FOR
MTG-PL-2026-06-16-OJ-ITM-V-60,256902,FOR
MTG-PL-2026-06-16-OJ-ITM-V-60,257001,FOR
MTG-PL-2026-06-16-OJ-ITM-V-60,257057,FOR
MTG-PL-2026-06-16-OJ-ITM-V-60,124807,FOR
MTG-PL-2026-06-16-OJ-ITM-V-60,257082,FOR
MTG-PL-2026-06-16-OJ-ITM-V-60,39725,FOR
MTG-PL-2026-06-16-OJ-ITM-V-60,28400,FOR
MTG-PL-2026-06-16-OJ-ITM-V-60,256875,FOR
MTG-PL-2026-06-16-OJ-ITM-V-60,256852,FOR
MTG-PL-2026-06-16-OJ-ITM-V-60,256860,FOR
MTG-PL-2026-06-16-OJ-ITM-V-60,257050,FOR
MTG-PL-2026-06-16-OJ-ITM-V-60,204449,FOR
MTG-PL-2026-06-16-OJ-ITM-V-60,197391,FOR
MTG-PL-2026-06-16-OJ-ITM-V-60,96940,FOR
MTG-PL-2026-06-16-OJ-ITM-V-60,256879,FOR
MTG-PL-2026-06-16-OJ-ITM-V-60,257028,FOR
MTG-PL-2026-06-16-OJ-ITM-V-60,257065,FOR
MTG-PL-2026-06-16-OJ-ITM-V-60,88882,FOR
MTG-PL-2026-06-16-OJ-ITM-V-60,204400,FOR
MTG-PL-2026-06-16-OJ-ITM-V-60,257138,FOR
MTG-PL-2026-06-16-OJ-ITM-V-60,257296,FOR
MTG-PL-2026-06-16-OJ-ITM-V-60,256937,FOR
MTG-PL-2026-06-16-OJ-ITM-V-60,256997,FOR
MTG-PL-2026-06-16-OJ-ITM-V-60,256970,FOR
MTG-PL-2026-06-16-OJ-ITM-V-60,119652,FOR
MTG-PL-2026-06-16-OJ-ITM-V-60,257123,FOR
MTG-PL-2026-06-16-OJ-ITM-V-60,257131,FOR
MTG-PL-2026-06-16-OJ-ITM-V-60,237465,FOR
MTG-PL-2026-06-16-OJ-ITM-V-60,257160,FOR
MTG-PL-2026-06-16-OJ-ITM-V-60,257109,FOR
MTG-PL-2026-06-16-OJ-ITM-V-60,125052,FOR
MTG-PL-2026-06-16-OJ-ITM-V-60,124985,FOR
MTG-PL-2026-06-16-OJ-ITM-V-60,197435,FOR
MTG-PL-2026-06-16-OJ-ITM-V-60,24922,FOR
MTG-PL-2026-06-16-OJ-ITM-V-60,256861,FOR
MTG-PL-2026-06-16-OJ-ITM-V-60,197697,FOR
MTG-PL-2026-06-16-OJ-ITM-V-60,257051,FOR
MTG-PL-2026-06-16-OJ-ITM-V-60,197682,FOR
MTG-PL-2026-06-16-OJ-ITM-V-60,198073,FOR
MTG-PL-2026-06-16-OJ-ITM-V-60,125023,FOR
MTG-PL-2026-06-16-OJ-ITM-V-60,244571,FOR
MTG-PL-2026-06-16-OJ-ITM-V-60,197784,FOR
MTG-PL-2026-06-16-OJ-ITM-V-60,208722,FOR
MTG-PL-2026-06-16-OJ-ITM-V-60,197841,FOR
MTG-PL-2026-06-16-OJ-ITM-V-60,96752,FOR
MTG-PL-2026-06-16-OJ-ITM-V-60,197845,FOR
MTG-PL-2026-06-16-OJ-ITM-V-60,1909,FOR
MTG-PL-2026-06-16-OJ-ITM-V-60,197528,FOR
MTG-PL-2026-06-16-OJ-ITM-V-60,124895,FOR
MTG-PL-2026-06-16-OJ-ITM-V-60,96756,FOR
MTG-PL-2026-06-16-OJ-ITM-V-60,197466,FOR
MTG-PL-2026-06-16-OJ-ITM-V-60,275087,FOR
MTG-PL-2026-06-16-OJ-ITM-V-60,97399,FOR
MTG-PL-2026-06-16-OJ-ITM-V-60,2268,FOR
MTG-PL-2026-06-16-OJ-ITM-V-60,257117,FOR
MTG-PL-2026-06-16-OJ-ITM-V-60,256855,FOR
MTG-PL-2026-06-16-OJ-ITM-V-60,197406,FOR
MTG-PL-2026-06-16-OJ-ITM-V-60,257297,FOR
MTG-PL-2026-06-16-OJ-ITM-V-60,256859,FOR
MTG-PL-2026-06-16-OJ-ITM-V-60,130100,FOR
MTG-PL-2026-06-16-OJ-ITM-V-60,239260,FOR
MTG-PL-2026-06-16-OJ-ITM-V-60,197824,FOR
MTG-PL-2026-06-16-OJ-ITM-V-60,257037,FOR
MTG-PL-2026-06-16-OJ-ITM-V-60,257045,FOR
MTG-PL-2026-06-16-OJ-ITM-V-60,257022,FOR
MTG-PL-2026-06-16-OJ-ITM-V-60,257132,FOR
MTG-PL-2026-06-16-OJ-ITM-V-60,98219,FOR
MTG-PL-2026-06-16-OJ-ITM-V-60,197839,FOR
MTG-PL-2026-06-16-OJ-ITM-V-60,256840,FOR
MTG-PL-2026-06-16-OJ-ITM-V-60,256950,FOR
MTG-PL-2026-06-16-OJ-ITM-V-60,256896,FOR
MTG-PL-2026-06-16-OJ-ITM-V-60,197573,FOR
MTG-PL-2026-06-16-OJ-ITM-V-60,257016,FOR
MTG-PL-2026-06-16-OJ-ITM-V-60,220840,FOR
MTG-PL-2026-06-16-OJ-ITM-V-60,2152,FOR
MTG-PL-2026-06-16-OJ-ITM-V-60,257030,FOR
MTG-PL-2026-06-16-OJ-ITM-V-60,245018,FOR
MTG-PL-2026-06-16-OJ-ITM-V-60,257140,FOR
MTG-PL-2026-06-16-OJ-ITM-V-60,257094,FOR
MTG-PL-2026-06-16-OJ-ITM-V-60,257103,FOR
MTG-PL-2026-06-16-OJ-ITM-V-60,5736,FOR
MTG-PL-2026-06-16-OJ-ITM-V-60,94649,FOR
MTG-PL-2026-06-16-OJ-ITM-V-60,96681,FOR
MTG-PL-2026-06-16-OJ-ITM-V-60,197581,FOR
MTG-PL-2026-06-16-OJ-ITM-V-60,124867,FOR
MTG-PL-2026-06-16-OJ-ITM-V-60,96761,FOR
MTG-PL-2026-06-16-OJ-ITM-V-60,28615,FOR
MTG-PL-2026-06-16-OJ-ITM-V-60,197691,FOR
MTG-PL-2026-06-16-OJ-ITM-V-60,197628,FOR
MTG-PL-2026-06-16-OJ-ITM-V-60,257118,FOR
MTG-PL-2026-06-16-OJ-ITM-V-60,197658,FOR
MTG-PL-2026-06-16-OJ-ITM-V-60,230085,FOR
MTG-PL-2026-06-16-OJ-ITM-V-60,197738,FOR
MTG-PL-2026-06-16-OJ-ITM-V-60,256921,FOR
MTG-PL-2026-06-16-OJ-ITM-V-60,256977,FOR
MTG-PL-2026-06-16-OJ-ITM-V-60,96932,FOR
MTG-PL-2026-06-16-OJ-ITM-V-60,197825,FOR
MTG-PL-2026-06-16-OJ-ITM-V-60,113523,FOR
MTG-PL-2026-06-16-OJ-ITM-V-60,256989,FOR
MTG-PL-2026-06-16-OJ-ITM-V-60,257111,FOR
MTG-PL-2026-06-16-OJ-ITM-V-60,197460,FOR
MTG-PL-2026-06-16-OJ-ITM-V-60,200345,FOR
MTG-PL-2026-06-16-OJ-ITM-V-60,4267,FOR
MTG-PL-2026-06-16-OJ-ITM-V-60,257126,FOR
MTG-PL-2026-06-16-OJ-ITM-V-60,256841,FOR
MTG-PL-2026-06-16-OJ-ITM-V-60,233862,FOR
MTG-PL-2026-06-16-OJ-ITM-V-60,96675,FOR
MTG-PL-2026-06-16-OJ-ITM-V-60,197870,FOR
MTG-PL-2026-06-16-OJ-ITM-V-60,40599,FOR
MTG-PL-2026-06-16-OJ-ITM-V-60,197810,FOR
MTG-PL-2026-06-16-OJ-ITM-V-60,124795,FOR
MTG-PL-2026-06-16-OJ-ITM-V-60,257002,FOR
MTG-PL-2026-06-16-OJ-ITM-V-60,257031,FOR
MTG-PL-2026-06-16-OJ-ITM-V-60,256985,FOR
MTG-PL-2026-06-16-OJ-ITM-V-60,197662,FOR
MTG-PL-2026-06-16-OJ-ITM-V-60,197772,FOR
MTG-PL-2026-06-16-OJ-ITM-V-60,257095,FOR
MTG-PL-2026-06-16-OJ-ITM-V-60,256820,FOR
MTG-PL-2026-06-16-OJ-ITM-V-60,5392,FOR
MTG-PL-2026-06-16-OJ-ITM-V-60,245770,FOR
MTG-PL-2026-06-16-OJ-ITM-V-60,256824,FOR
MTG-PL-2026-06-16-OJ-ITM-V-60,197553,FOR
MTG-PL-2026-06-16-OJ-ITM-V-60,256876,FOR
MTG-PL-2026-06-16-OJ-ITM-V-60,256890,FOR
MTG-PL-2026-06-16-OJ-ITM-V-60,260695,FOR
MTG-PL-2026-06-16-OJ-ITM-V-60,257010,FOR
MTG-PL-2026-06-16-OJ-ITM-V-60,197516,FOR
MTG-PL-2026-06-16-OJ-ITM-V-60,131580,FOR
MTG-PL-2026-06-16-OJ-ITM-V-60,197557,FOR
MTG-PL-2026-06-16-OJ-ITM-V-60,198183,FOR
MTG-PL-2026-06-16-OJ-ITM-V-60,96933,FOR
MTG-PL-2026-06-16-OJ-ITM-V-60,256986,FOR
MTG-PL-2026-06-16-OJ-ITM-V-60,124766,FOR
MTG-PL-2026-06-16-OJ-ITM-V-60,256926,FOR
MTG-PL-2026-06-16-OJ-ITM-V-60,198373,FOR
MTG-PL-2026-06-16-OJ-ITM-V-60,257066,FOR
MTG-PL-2026-06-16-OJ-ITM-V-60,257112,FOR
MTG-PL-2026-06-16-OJ-ITM-V-60,91636,FOR
MTG-PL-2026-06-16-OJ-ITM-V-60,262021,FOR
MTG-PL-2026-06-16-OJ-ITM-V-60,257256,FOR
MTG-PL-2026-06-16-OJ-ITM-V-60,256899,FOR
MTG-PL-2026-06-16-OJ-ITM-V-60,23699,FOR
MTG-PL-2026-06-16-OJ-ITM-V-60,256884,FOR
MTG-PL-2026-06-16-OJ-ITM-V-60,256905,FOR
MTG-PL-2026-06-16-OJ-ITM-V-60,256934,FOR
MTG-PL-2026-06-16-OJ-ITM-V-60,219652,FOR
MTG-PL-2026-06-16-OJ-ITM-V-60,256994,FOR
MTG-PL-2026-06-16-OJ-ITM-V-60,1294,FOR
MTG-PL-2026-06-16-OJ-ITM-V-60,124884,FOR
MTG-PL-2026-06-16-OJ-ITM-V-60,197432,FOR
MTG-PL-2026-06-16-OJ-ITM-V-60,270261,FOR
MTG-PL-2026-06-16-OJ-ITM-V-60,257120,FOR
MTG-PL-2026-06-16-OJ-ITM-V-60,125012,FOR
MTG-PL-2026-06-16-OJ-ITM-V-60,257147,FOR
MTG-PL-2026-06-16-OJ-ITM-V-60,125068,FOR
MTG-PL-2026-06-16-OJ-ITM-V-60,257106,FOR
MTG-PL-2026-06-16-OJ-ITM-V-60,125093,FOR
MTG-PL-2026-06-16-OJ-ITM-V-60,191693,FOR
MTG-PL-2026-06-16-OJ-ITM-V-60,103381,FOR
MTG-PL-2026-06-16-OJ-ITM-V-60,202073,FOR
MTG-PL-2026-06-16-OJ-ITM-V-60,276060,FOR
MTG-PL-2026-06-16-OJ-ITM-V-60,257011,FOR
MTG-PL-2026-06-16-OJ-ITM-V-60,204129,FOR
MTG-PL-2026-06-16-OJ-ITM-V-60,124850,FOR
MTG-PL-2026-06-16-OJ-ITM-V-60,197718,FOR
MTG-PL-2026-06-16-OJ-ITM-V-60,197646,FOR
MTG-PL-2026-06-16-OJ-ITM-V-60,256965,FOR
MTG-PL-2026-06-16-OJ-ITM-V-60,197501,FOR
MTG-PL-2026-06-16-OJ-ITM-V-60,256870,FOR
MTG-PL-2026-06-16-OJ-ITM-V-60,40224,FOR
MTG-PL-2026-06-16-OJ-ITM-V-60,125106,FOR
MTG-PL-2026-06-16-OJ-ITM-V-60,197440,FOR
MTG-PL-2026-06-16-OJ-ITM-V-60,257155,FOR
MTG-PL-2026-06-16-OJ-ITM-V-60,197623,FOR
MTG-PL-2026-06-16-OJ-ITM-V-60,96811,FOR
MTG-PL-2026-06-16-OJ-ITM-V-60,204418,FOR
MTG-PL-2026-06-16-OJ-ITM-V-60,257257,FOR
MTG-PL-2026-06-16-OJ-ITM-V-60,193292,FOR
MTG-PL-2026-06-16-OJ-ITM-V-60,256885,FOR
MTG-PL-2026-06-16-OJ-ITM-V-60,257046,FOR
MTG-PL-2026-06-16-OJ-ITM-V-60,257075,FOR
MTG-PL-2026-06-16-OJ-ITM-V-60,256906,FOR
MTG-PL-2026-06-16-OJ-ITM-V-60,257005,FOR
MTG-PL-2026-06-16-OJ-ITM-V-60,28419,FOR
MTG-PL-2026-06-16-OJ-ITM-V-60,256804,FOR
MTG-PL-2026-06-16-OJ-ITM-V-60,5729,FOR
MTG-PL-2026-06-16-OJ-ITM-V-60,256910,FOR
MTG-PL-2026-06-16-OJ-ITM-V-60,135511,FOR
MTG-PL-2026-06-16-OJ-ITM-V-60,256864,FOR
MTG-PL-2026-06-16-OJ-ITM-V-60,256893,FOR
MTG-PL-2026-06-16-OJ-ITM-V-60,72779,FOR
MTG-PL-2026-06-16-OJ-ITM-V-60,197533,FOR
MTG-PL-2026-06-16-OJ-ITM-V-60,229839,FOR
MTG-PL-2026-06-16-OJ-ITM-V-60,257054,FOR
MTG-PL-2026-06-16-OJ-ITM-V-60,256980,FOR
MTG-PL-2026-06-16-OJ-ITM-V-60,198076,FOR
MTG-PL-2026-06-16-OJ-ITM-V-60,23816,FOR
MTG-PL-2026-06-16-OJ-ITM-V-60,257100,FOR
MTG-PL-2026-06-16-OJ-ITM-V-60,257083,FOR
MTG-PL-2026-06-16-OJ-ITM-V-60,122978,FOR
MTG-PL-2026-06-16-OJ-ITM-V-60,256966,FOR
MTG-PL-2026-06-16-OJ-ITM-V-60,96791,FOR
MTG-PL-2026-06-16-OJ-ITM-V-60,197395,FOR
MTG-PL-2026-06-16-OJ-ITM-V-60,197545,FOR
MTG-PL-2026-06-16-OJ-ITM-V-60,96812,FOR
MTG-PL-2026-06-16-OJ-ITM-V-60,197655,FOR
MTG-PL-2026-06-16-OJ-ITM-V-60,236053,FOR
MTG-PL-2026-06-16-OJ-ITM-V-60,256974,FOR
MTG-PL-2026-06-16-OJ-ITM-V-60,256978,FOR
MTG-PL-2026-06-16-OJ-ITM-V-60,1927,FOR
MTG-PL-2026-06-16-OJ-ITM-V-60,257135,FOR
MTG-PL-2026-06-16-OJ-ITM-V-60,197412,FOR
MTG-PL-2026-06-16-OJ-ITM-V-60,257127,FOR
MTG-PL-2026-06-16-OJ-ITM-V-60,256865,FOR
MTG-PL-2026-06-16-OJ-ITM-V-60,112744,FOR
MTG-PL-2026-06-16-OJ-ITM-V-60,197439,FOR
MTG-PL-2026-06-16-OJ-ITM-V-60,58766,FOR
MTG-PL-2026-06-16-OJ-ITM-V-60,197490,FOR
MTG-PL-2026-06-16-OJ-ITM-V-60,256805,FOR
MTG-PL-2026-06-16-OJ-ITM-V-60,256813,FOR
MTG-PL-2026-06-16-OJ-ITM-V-60,256869,FOR
MTG-PL-2026-06-16-OJ-ITM-V-60,112748,FOR
MTG-PL-2026-06-16-OJ-ITM-V-60,257237,FOR
MTG-PL-2026-06-16-OJ-ITM-V-60,124828,FOR
MTG-PL-2026-06-16-OJ-ITM-V-60,257055,FOR
MTG-PL-2026-06-16-OJ-ITM-V-60,251324,FOR
MTG-PL-2026-06-16-OJ-ITM-V-60,199941,FOR
MTG-PL-2026-06-16-OJ-ITM-V-60,257438,FOR
MTG-PL-2026-06-16-OJ-ITM-V-60,257080,FOR
MTG-PL-2026-06-16-OJ-ITM-V-60,125027,FOR
MTG-PL-2026-06-16-OJ-ITM-V-60,197591,FOR
MTG-PL-2026-06-16-OJ-ITM-V-60,124813,FOR
MTG-PL-2026-06-16-OJ-ITM-V-60,256960,FOR
MTG-PL-2026-06-16-OJ-ITM-V-60,197517,FOR
MTG-PL-2026-06-16-OJ-ITM-V-60,197781,FOR
MTG-PL-2026-06-16-OJ-ITM-V-60,236050,FOR
MTG-PL-2026-06-16-OJ-ITM-V-60,124700,FOR
MTG-PL-2026-06-16-OJ-ITM-V-60,257049,FOR
MTG-PL-2026-06-16-OJ-ITM-V-60,257026,FOR
MTG-PL-2026-06-16-OJ-ITM-V-60,197842,FOR
MTG-PL-2026-06-16-OJ-ITM-V-60,260724,FOR
MTG-PL-2026-06-16-OJ-ITM-V-60,257063,FOR
MTG-PL-2026-06-16-OJ-ITM-V-60,36392,FOR
MTG-PL-2026-06-16-OJ-ITM-V-60,197421,FOR
MTG-PL-2026-06-16-OJ-ITM-V-60,185619,FOR
MTG-PL-2026-06-16-OJ-ITM-V-60,197525,FOR
MTG-PL-2026-06-16-OJ-ITM-V-60,22858,FOR
MTG-PL-2026-06-16-OJ-ITM-V-60,257150,FOR
MTG-PL-2026-06-16-OJ-ITM-V-60,185341,FOR
MTG-PL-2026-06-16-OJ-ITM-V-60,256844,FOR
MTG-PL-2026-06-16-OJ-ITM-V-60,190464,FOR
MTG-PL-2026-06-16-OJ-ITM-V-60,197425,FOR
MTG-PL-2026-06-16-OJ-ITM-V-60,197577,FOR
MTG-PL-2026-06-16-OJ-ITM-V-60,261796,FOR
MTG-PL-2026-06-16-OJ-ITM-V-60,257034,FOR
MTG-PL-2026-06-16-OJ-ITM-V-60,197687,FOR
MTG-PL-2026-06-16-OJ-ITM-V-60,257098,FOR
MTG-PL-2026-06-16-OJ-ITM-V-60,256995,FOR
MTG-PL-2026-06-16-OJ-ITM-V-60,257144,FOR
MTG-PL-2026-06-16-OJ-ITM-V-60,197470,FOR
MTG-PL-2026-06-16-OJ-ITM-V-60,125042,FOR
MTG-PL-2026-06-16-OJ-ITM-V-60,187917,FOR
MTG-PL-2026-06-16-OJ-ITM-V-60,257121,FOR
MTG-PL-2026-06-16-OJ-ITM-V-60,257107,FOR
MTG-PL-2026-06-16-OJ-ITM-V-60,197398,FOR
MTG-PL-2026-06-16-OJ-ITM-V-60,197589,FOR
MTG-PL-2026-06-16-OJ-ITM-V-60,197699,FOR
MTG-PL-2026-06-16-OJ-ITM-V-60,197719,FOR
MTG-PL-2026-06-16-OJ-ITM-V-60,197782,FOR
MTG-PL-2026-06-16-OJ-ITM-V-60,197829,FOR
MTG-PL-2026-06-16-OJ-ITM-V-60,96936,FOR
MTG-PL-2026-06-16-OJ-ITM-V-60,257060,FOR
MTG-PL-2026-06-16-OJ-ITM-V-60,204346,FOR
MTG-PL-2026-06-16-OJ-ITM-V-60,197464,FOR
MTG-PL-2026-06-16-OJ-ITM-V-60,124893,FOR
MTG-PL-2026-06-16-OJ-ITM-V-60,197493,FOR
MTG-PL-2026-06-16-OJ-ITM-V-60,197468,FOR
MTG-PL-2026-06-16-OJ-ITM-V-60,257115,FOR
MTG-PL-2026-06-16-OJ-ITM-V-60,204419,FOR
MTG-PL-2026-06-16-OJ-ITM-V-60,256830,FOR
MTG-PL-2026-06-16-OJ-ITM-V-60,197404,FOR
MTG-PL-2026-06-16-OJ-ITM-V-60,256857,FOR
MTG-PL-2026-06-16-OJ-ITM-V-60,4395,FOR
MTG-PL-2026-06-16-OJ-ITM-V-60,124799,FOR
MTG-PL-2026-06-16-OJ-ITM-V-60,124808,FOR
MTG-PL-2026-06-16-OJ-ITM-V-60,124784,FOR
MTG-PL-2026-06-16-OJ-ITM-V-60,257035,FOR
MTG-PL-2026-06-16-OJ-ITM-V-60,257043,FOR
MTG-PL-2026-06-16-OJ-ITM-V-60,257020,FOR
MTG-PL-2026-06-16-OJ-ITM-V-60,257099,FOR
MTG-PL-2026-06-16-OJ-ITM-V-60,257130,FOR
MTG-PL-2026-06-16-OJ-ITM-V-60,28347,FOR
MTG-PL-2026-06-16-OJ-ITM-V-60,256911,FOR
MTG-PL-2026-06-16-OJ-ITM-V-60,257014,FOR
MTG-PL-2026-06-16-OJ-ITM-V-60,197534,FOR
MTG-PL-2026-06-16-OJ-ITM-V-60,257101,FOR
MTG-PL-2026-06-16-OJ-ITM-V-60,197392,FOR
MTG-PL-2026-06-16-OJ-ITM-V-60,257084,FOR
MTG-PL-2026-06-16-OJ-ITM-V-60,37312,FOR
MTG-PL-2026-06-16-OJ-ITM-V-60,96668,FOR
MTG-PL-2026-06-16-OJ-ITM-V-60,197652,FOR
MTG-PL-2026-06-16-OJ-ITM-V-60,210480,FOR
MTG-PL-2026-06-16-OJ-ITM-V-60,204332,FOR
MTG-PL-2026-06-16-OJ-ITM-V-60,206158,FOR
MTG-PL-2026-06-16-OJ-ITM-V-60,197469,FOR
MTG-PL-2026-06-16-OJ-ITM-V-60,257116,FOR
MTG-PL-2026-06-16-OJ-ITM-V-60,213330,FOR
MTG-PL-2026-06-16-OJ-ITM-V-60,197405,FOR
MTG-PL-2026-06-16-OJ-ITM-V-60,256888,FOR
MTG-PL-2026-06-16-OJ-ITM-V-60,256938,FOR
MTG-PL-2026-06-16-OJ-ITM-V-60,256979,FOR
MTG-PL-2026-06-16-OJ-ITM-V-60,257078,FOR
MTG-PL-2026-06-16-OJ-ITM-V-60,256909,FOR
MTG-PL-2026-06-16-OJ-ITM-V-60,202036,FOR
MTG-PL-2026-06-16-OJ-ITM-V-60,197473,FOR
MTG-PL-2026-06-16-OJ-ITM-V-60,257124,FOR
MTG-PL-2026-06-16-OJ-ITM-V-60,204413,FOR
MTG-PL-2026-06-16-OJ-ITM-V-60,256810,FOR
MTG-PL-2026-06-16-OJ-ITM-V-60,124691,FOR
MTG-PL-2026-06-16-OJ-ITM-V-60,197413,FOR
MTG-PL-2026-06-16-OJ-ITM-V-60,256829,FOR
MTG-PL-2026-06-16-OJ-ITM-V-60,95074,FOR
MTG-PL-2026-06-16-OJ-ITM-V-60,197721,FOR
MTG-PL-2026-06-16-OJ-ITM-V-60,257015,FOR
MTG-PL-2026-06-16-OJ-ITM-V-60,197831,FOR
MTG-PL-2026-06-16-OJ-ITM-V-60,257000,FOR
MTG-PL-2026-06-16-OJ-ITM-V-60,106936,FOR
MTG-PL-2026-06-16-OJ-ITM-V-60,124802,FOR
MTG-PL-2026-06-16-OJ-ITM-V-60,256983,FOR
MTG-PL-2026-06-16-OJ-ITM-V-60,124858,FOR
MTG-PL-2026-06-16-OJ-ITM-V-60,277178,FOR
MTG-PL-2026-06-16-OJ-ITM-V-60,125065,FOR
MTG-PL-2026-06-16-OJ-ITM-V-60,197770,FOR
MTG-PL-2026-06-16-OJ-ITM-V-60,197679,FOR
MTG-PL-2026-06-16-OJ-ITM-V-60,272024,FOR
MTG-PL-2026-06-16-OJ-ITM-V-60,256874,FOR
MTG-PL-2026-06-16-OJ-ITM-V-60,197580,FOR
MTG-PL-2026-06-16-OJ-ITM-V-60,22418,FOR
MTG-PL-2026-06-16-OJ-ITM-V-60,220896,FOR
MTG-PL-2026-06-16-OJ-ITM-V-60,218347,FOR
MTG-PL-2026-06-16-OJ-ITM-V-60,197514,FOR
MTG-PL-2026-06-16-OJ-ITM-V-60,197444,FOR
MTG-PL-2026-06-16-OJ-ITM-V-60,197627,FOR
MTG-PL-2026-06-16-OJ-ITM-V-60,256833,FOR
MTG-PL-2026-06-16-OJ-ITM-V-60,256889,FOR
MTG-PL-2026-06-16-OJ-ITM-V-60,197448,FOR
MTG-PL-2026-06-16-OJ-ITM-V-60,256920,FOR
MTG-PL-2026-06-16-OJ-ITM-V-60,256924,FOR
MTG-PL-2026-06-16-OJ-ITM-V-60,257023,FOR
MTG-PL-2026-06-16-OJ-ITM-V-60,257079,FOR
MTG-PL-2026-06-16-OJ-ITM-V-60,257087,FOR
MTG-PL-2026-06-16-OJ-ITM-V-60,257009,FOR
MTG-PL-2026-06-16-OJ-ITM-V-60,257170,FOR
MTG-PL-2026-06-16-OJ-ITM-V-60,257110,FOR
MTG-PL-2026-06-16-OJ-ITM-V-60,197606,FOR
MTG-PL-2026-06-16-OJ-ITM-V-60,270719,FOR
MTG-PL-2026-06-16-OJ-ITM-V-60,197722,FOR
MTG-PL-2026-06-16-OJ-ITM-V-60,256955,FOR
MTG-PL-2026-06-16-OJ-ITM-V-60,256882,FOR
MTG-PL-2026-06-16-OJ-ITM-V-60,197578,FOR
MTG-PL-2026-06-16-OJ-ITM-V-60,126699,FOR
MTG-PL-2026-06-16-OJ-ITM-V-60,99945,FOR
MTG-PL-2026-06-16-OJ-ITM-V-60,257058,FOR
MTG-PL-2026-06-16-OJ-ITM-V-60,256918,FOR
MTG-PL-2026-06-16-OJ-ITM-V-60,256992,FOR
MTG-PL-2026-06-16-OJ-ITM-V-60,257145,FOR
MTG-PL-2026-06-16-OJ-ITM-V-60,257104,FOR
MTG-PL-2026-06-16-OJ-ITM-V-60,124984,FOR
MTG-PL-2026-06-16-OJ-ITM-V-60,197701,FOR
MTG-PL-2026-06-16-OJ-ITM-V-60,28399,FOR
MTG-PL-2026-06-16-OJ-ITM-V-60,124834,FOR
MTG-PL-2026-06-16-OJ-ITM-V-60,96780,FOR
MTG-PL-2026-06-16-OJ-ITM-V-60,197445,FOR
MTG-PL-2026-06-16-OJ-ITM-V-60,197549,FOR
MTG-PL-2026-06-16-OJ-ITM-V-60,189065,FOR
MTG-PL-2026-06-16-OJ-ITM-V-60,197449,FOR
MTG-PL-2026-06-16-OJ-ITM-V-60,197863,FOR
MTG-PL-2026-06-16-OJ-ITM-V-60,256967,FOR
MTG-PL-2026-06-16-OJ-ITM-V-60,28150,FOR
MTG-PL-2026-06-16-OJ-ITM-V-60,125104,FOR
MTG-PL-2026-06-16-OJ-ITM-V-60,197607,FOR
MTG-PL-2026-06-16-OJ-ITM-V-60,257139,FOR
MTG-PL-2026-06-16-OJ-ITM-V-60,185771,FOR
MTG-PL-2026-06-16-OJ-ITM-V-60,256858,FOR
MTG-PL-2026-06-16-OJ-ITM-V-60,256900,FOR
MTG-PL-2026-06-16-OJ-ITM-V-60,256809,FOR
MTG-PL-2026-06-16-OJ-ITM-V-60,256883,FOR
MTG-PL-2026-06-16-OJ-ITM-V-60,257003,FOR
MTG-PL-2026-06-16-OJ-ITM-V-60,257059,FOR
MTG-PL-2026-06-16-OJ-ITM-V-60,257044,FOR
MTG-PL-2026-06-16-OJ-ITM-V-60,247735,FOR
MTG-PL-2026-06-16-OJ-ITM-V-60,257073,FOR
MTG-PL-2026-06-16-OJ-ITM-V-60,257092,FOR
MTG-PL-2026-06-16-OJ-ITM-V-60,28307,FOR
MTG-PL-2026-06-16-OJ-ITM-V-60,183916,FOR
MTG-PL-2026-06-16-OJ-ITM-V-60,28298,FOR
MTG-PL-2026-06-16-OJ-ITM-V-60,197702,FOR
MTG-PL-2026-06-16-OJ-ITM-V-60,256862,FOR
MTG-PL-2026-06-16-OJ-ITM-V-60,256891,FOR
MTG-PL-2026-06-16-OJ-ITM-V-60,256912,FOR
MTG-PL-2026-06-16-OJ-ITM-V-60,257052,FOR
MTG-PL-2026-06-16-OJ-ITM-V-60,38542,FOR
MTG-PL-2026-06-16-OJ-ITM-V-60,197558,FOR
MTG-PL-2026-06-16-OJ-ITM-V-60,198176,FOR
MTG-PL-2026-06-16-OJ-ITM-V-60,256877,FOR
MTG-PL-2026-06-16-OJ-ITM-V-60,256964,FOR
MTG-PL-2026-06-16-OJ-ITM-V-60,101039,FOR
MTG-PL-2026-06-16-OJ-ITM-V-60,256968,FOR
MTG-PL-2026-06-16-OJ-ITM-V-60,277057,FOR
MTG-PL-2026-06-16-OJ-ITM-V-60,96711,FOR
MTG-PL-2026-06-16-OJ-ITM-V-60,197529,FOR
MTG-PL-2026-06-16-OJ-ITM-V-60,1917,FOR
MTG-PL-2026-06-16-OJ-ITM-V-60,197690,FOR
MTG-PL-2026-06-16-OJ-ITM-V-60,197429,FOR
MTG-PL-2026-06-16-OJ-ITM-V-60,256943,FOR
MTG-PL-2026-06-16-OJ-ITM-V-60,256999,FOR
MTG-PL-2026-06-16-OJ-ITM-V-60,257038,FOR
MTG-PL-2026-06-16-OJ-ITM-V-60,256947,FOR
MTG-PL-2026-06-16-OJ-ITM-V-60,28229,FOR
MTG-PL-2026-06-16-OJ-ITM-V-60,197433,FOR
MTG-PL-2026-06-16-OJ-ITM-V-60,197410,FOR
MTG-PL-2026-06-16-OJ-ITM-V-60,257148,FOR
MTG-PL-2026-06-16-OJ-ITM-V-60,33998,FOR
MTG-PL-2026-06-16-OJ-ITM-V-60,125046,FOR
MTG-PL-2026-06-16-OJ-ITM-V-60,257133,FOR
MTG-PL-2026-06-16-OJ-ITM-V-60,197414,FOR
MTG-PL-2026-06-16-OJ-ITM-V-60,256803,FOR
MTG-PL-2026-06-16-OJ-ITM-V-60,2341,FOR
MTG-PL-2026-06-16-OJ-ITM-V-60,96709,FOR
MTG-PL-2026-06-16-OJ-ITM-V-60,4746,FOR
MTG-PL-2026-06-16-OJ-ITM-V-60,257053,FOR
MTG-PL-2026-06-16-OJ-ITM-V-60,197684,FOR
MTG-PL-2026-06-16-OJ-ITM-V-60,256998,AGAINST
MTG-PL-2026-06-16-OJ-ITM-V-60,256945,AGAINST
MTG-PL-2026-06-16-OJ-ITM-V-60,123562,AGAINST
MTG-PL-2026-06-16-OJ-ITM-V-60,256941,AGAINST
MTG-PL-2026-06-16-OJ-ITM-V-60,192254,AGAINST
MTG-PL-2026-06-16-OJ-ITM-V-60,257069,AGAINST
MTG-PL-2026-06-16-OJ-ITM-V-60,197401,AGAINST
MTG-PL-2026-06-16-OJ-ITM-V-60,103246,AGAINST
MTG-PL-2026-06-16-OJ-ITM-V-60,128483,AGAINST
MTG-PL-2026-06-16-OJ-ITM-V-60,256845,AGAINST
MTG-PL-2026-06-16-OJ-ITM-V-60,197556,AGAINST
MTG-PL-2026-06-16-OJ-ITM-V-60,197552,AGAINST
MTG-PL-2026-06-16-OJ-ITM-V-60,257089,AGAINST
MTG-PL-2026-06-16-OJ-ITM-V-60,197773,AGAINST
MTG-PL-2026-06-16-OJ-ITM-V-60,257064,AGAINST
MTG-PL-2026-06-16-OJ-ITM-V-60,257025,AGAINST
MTG-PL-2026-06-16-OJ-ITM-V-60,256981,AGAINST
MTG-PL-2026-06-16-OJ-ITM-V-60,256946,AGAINST
MTG-PL-2026-06-16-OJ-ITM-V-60,256942,AGAINST
MTG-PL-2026-06-16-OJ-ITM-V-60,257260,AGAINST
MTG-PL-2026-06-16-OJ-ITM-V-60,197537,AGAINST
MTG-PL-2026-06-16-OJ-ITM-V-60,190574,AGAINST
MTG-PL-2026-06-16-OJ-ITM-V-60,256959,AGAINST
MTG-PL-2026-06-16-OJ-ITM-V-60,256962,AGAINST
MTG-PL-2026-06-16-OJ-ITM-V-60,257070,AGAINST
MTG-PL-2026-06-16-OJ-ITM-V-60,130881,AGAINST
MTG-PL-2026-06-16-OJ-ITM-V-60,257019,AGAINST
MTG-PL-2026-06-16-OJ-ITM-V-60,257072,AGAINST
MTG-PL-2026-06-16-OJ-ITM-V-60,257090,AGAINST
MTG-PL-2026-06-16-OJ-ITM-V-60,256806,AGAINST
MTG-PL-2026-06-16-OJ-ITM-V-60,256928,AGAINST
MTG-PL-2026-06-16-OJ-ITM-V-60,256948,AGAINST
MTG-PL-2026-06-16-OJ-ITM-V-60,257091,AGAINST
MTG-PL-2026-06-16-OJ-ITM-V-60,257255,AGAINST
MTG-PL-2026-06-16-OJ-ITM-V-60,197430,AGAINST
MTG-PL-2026-06-16-OJ-ITM-V-60,257262,AGAINST
MTG-PL-2026-06-16-OJ-ITM-V-60,214839,AGAINST
MTG-PL-2026-06-16-OJ-ITM-V-60,256996,AGAINST
MTG-PL-2026-06-16-OJ-ITM-V-60,197475,AGAINST
MTG-PL-2026-06-16-OJ-ITM-V-60,256929,AGAINST
MTG-PL-2026-06-16-OJ-ITM-V-60,257067,AGAINST
MTG-PL-2026-06-16-OJ-ITM-V-60,256949,AGAINST
MTG-PL-2026-06-16-OJ-ITM-V-60,257457,AGAINST
MTG-PL-2026-06-16-OJ-ITM-V-60,257062,AGAINST
MTG-PL-2026-06-16-OJ-ITM-V-60,220897,AGAINST
MTG-PL-2026-06-16-OJ-ITM-V-60,256957,AGAINST
MTG-PL-2026-06-16-OJ-ITM-V-60,197400,AGAINST
MTG-PL-2026-06-16-OJ-ITM-V-60,256922,ABSTAIN
MTG-PL-2026-06-16-OJ-ITM-V-60,197763,ABSTAIN
MTG-PL-2026-06-16-OJ-ITM-V-60,256939,ABSTAIN
MTG-PL-2026-06-16-OJ-ITM-V-60,30123,ABSTAIN
MTG-PL-2026-06-16-OJ-ITM-V-60,256925,ABSTAIN
MTG-PL-2026-06-16-OJ-ITM-V-60,256954,ABSTAIN
MTG-PL-2026-06-16-OJ-ITM-V-60,124760,ABSTAIN
MTG-PL-2026-06-16-OJ-ITM-V-60,257125,ABSTAIN
MTG-PL-2026-06-16-OJ-ITM-V-60,249982,ABSTAIN
MTG-PL-2026-06-16-OJ-ITM-V-60,198490,ABSTAIN
MTG-PL-2026-06-16-OJ-ITM-V-60,125001,ABSTAIN
MTG-PL-2026-06-16-OJ-ITM-V-60,118859,NONE
MTG-PL-2026-06-16-OJ-ITM-V-60,124715,NONE
MTG-PL-2026-06-16-OJ-ITM-V-60,124846,NONE
MTG-PL-2026-06-16-OJ-ITM-V-60,124861,NONE
MTG-PL-2026-06-16-OJ-ITM-V-60,129073,NONE
MTG-PL-2026-06-16-OJ-ITM-V-60,197416,NONE
MTG-PL-2026-06-16-OJ-ITM-V-60,197447,NONE
MTG-PL-2026-06-16-OJ-ITM-V-60,197461,NONE
MTG-PL-2026-06-16-OJ-ITM-V-60,197494,NONE
MTG-PL-2026-06-16-OJ-ITM-V-60,197500,NONE
MTG-PL-2026-06-16-OJ-ITM-V-60,197503,NONE
MTG-PL-2026-06-16-OJ-ITM-V-60,197574,NONE
MTG-PL-2026-06-16-OJ-ITM-V-60,197618,NONE
MTG-PL-2026-06-16-OJ-ITM-V-60,197636,NONE
MTG-PL-2026-06-16-OJ-ITM-V-60,197647,NONE
MTG-PL-2026-06-16-OJ-ITM-V-60,197649,NONE
MTG-PL-2026-06-16-OJ-ITM-V-60,197653,NONE
MTG-PL-2026-06-16-OJ-ITM-V-60,197672,NONE
MTG-PL-2026-06-16-OJ-ITM-V-60,197802,NONE
MTG-PL-2026-06-16-OJ-ITM-V-60,197832,NONE
MTG-PL-2026-06-16-OJ-ITM-V-60,197840,NONE
MTG-PL-2026-06-16-OJ-ITM-V-60,220801,NONE
MTG-PL-2026-06-16-OJ-ITM-V-60,220908,NONE
MTG-PL-2026-06-16-OJ-ITM-V-60,256808,NONE
MTG-PL-2026-06-16-OJ-ITM-V-60,256814,NONE
MTG-PL-2026-06-16-OJ-ITM-V-60,256831,NONE
MTG-PL-2026-06-16-OJ-ITM-V-60,256839,NONE
MTG-PL-2026-06-16-OJ-ITM-V-60,256842,NONE
MTG-PL-2026-06-16-OJ-ITM-V-60,256853,NONE
MTG-PL-2026-06-16-OJ-ITM-V-60,256866,NONE
MTG-PL-2026-06-16-OJ-ITM-V-60,256903,NONE
MTG-PL-2026-06-16-OJ-ITM-V-60,256904,NONE
MTG-PL-2026-06-16-OJ-ITM-V-60,256915,NONE
MTG-PL-2026-06-16-OJ-ITM-V-60,256917,NONE
MTG-PL-2026-06-16-OJ-ITM-V-60,256935,NONE
MTG-PL-2026-06-16-OJ-ITM-V-60,256944,NONE
MTG-PL-2026-06-16-OJ-ITM-V-60,256951,NONE
MTG-PL-2026-06-16-OJ-ITM-V-60,256956,NONE
MTG-PL-2026-06-16-OJ-ITM-V-60,256969,NONE
MTG-PL-2026-06-16-OJ-ITM-V-60,256971,NONE
MTG-PL-2026-06-16-OJ-ITM-V-60,257013,NONE
MTG-PL-2026-06-16-OJ-ITM-V-60,257029,NONE
MTG-PL-2026-06-16-OJ-ITM-V-60,257040,NONE
MTG-PL-2026-06-16-OJ-ITM-V-60,257071,NONE
MTG-PL-2026-06-16-OJ-ITM-V-60,257076,NONE
MTG-PL-2026-06-16-OJ-ITM-V-60,257086,NONE
MTG-PL-2026-06-16-OJ-ITM-V-60,257238,NONE
MTG-PL-2026-06-16-OJ-ITM-V-60,257298,NONE
MTG-PL-2026-06-16-OJ-ITM-V-60,261797,NONE
MTG-PL-2026-06-16-OJ-ITM-V-60,267485,NONE
MTG-PL-2026-06-16-OJ-ITM-V-60,277777,NONE
MTG-PL-2026-06-16-OJ-ITM-V-60,278406,NONE
MTG-PL-2026-06-16-OJ-ITM-V-60,28226,NONE
MTG-PL-2026-06-16-OJ-ITM-V-60,96725,NONE
MTG-PL-2026-06-16-OJ-ITM-V-60,96808,NONE
MTG-PL-2026-06-16-OJ-ITM-V-60,96826,NONE
MTG-PL-2026-06-16-OJ-ITM-V-60,97236,NONE
MTG-PL-2026-06-16-OJ-ITM-V-60,98341,NONE
MTG-PL-2026-06-16-OJ-ITM-V-60,99878,NONE
